{"schemaVersion":"1.0","appDefinitionTemplate":{"id":"/providers/Microsoft.PowerApps/apps/","type":"Microsoft.PowerApps/apps","tags":{"minimumRequiredApiVersion":"2.2.0","primaryDeviceWidth":"640","primaryDeviceHeight":"1136","sienaVersion":"20221227T213805Z-3.22122.15.0","deviceCapabilities":"","supportsPortrait":"true","supportsLandscape":"false","primaryFormFactor":"Phone","publisherVersion":"3.22122.15","hasComponent":"false","hasUnlockedComponent":"false","isUnifiedRootApp":"false"},"properties":{"appVersion":"2022-12-27T21:45:56Z","lifeCycleId":"Published","createdByClientVersion":{"major":3,"minor":22122,"build":15,"revision":0,"majorRevision":0,"minorRevision":0},"minClientVersion":{"major":3,"minor":22122,"build":15,"revision":0,"majorRevision":0,"minorRevision":0},"backgroundColor":"rgba(158, 11, 15, 1)","backgroundImageUri":"/1135944893346163353/Nab16e77b-1219-4113-a4d4-0f1edf6ad2e7-logoSmallFile","displayName":"Help Desk","description":"Help Desk provides a user-friendly experience to connect end users with support professionals. Quickly find answers to your most important questions, track progress of open tickets, and review details of previous requests. This app requires a small amount of setup to make it your own.","commitMessage":"","appUris":{"documentUri":{"value":"/1135944893346163353/N88aede64-f192-4a05-a7f3-b45d1a7dd476-document.msapp"},"imageUris":[],"additionalUris":[]},"createdTime":"0001-01-01T00:00:00Z","lastModifiedTime":"0001-01-01T00:00:00Z","sharedGroupsCount":0,"sharedUsersCount":0,"icons":{"smallIconUri":"/1135944893346163353/N50e70766-e95e-47f9-b490-724714356b26-small.png","mediumIconUri":"/1135944893346163353/Nd1928ef6-ad9a-4731-99e0-00b96a249e9f-medium.png","largeIconUri":"/1135944893346163353/N87feb330-13fb-44a7-8f0a-83473d77cd90-large.png","wideIconUri":"/1135944893346163353/Ncb770eb9-2350-4e51-ac4f-697fafabe9fb-wide.png"},"connectionReferences":{"8ff6634c-839b-45a2-8fb7-3985c901d885":{"id":"fdb17d03-b452-4942-bbe9-04c3450c6b16","displayName":"Logic flows","iconUri":"https://connectoricons-prod.azureedge.net/releases/v1.0.1534/1.0.1534.2605/logicflows/icon.png","dataSources":["HelpDeskFlow"],"dependencies":["bd05e11a-c6ca-4ee6-9f40-9858dd96c299","f2e2712d-4407-4e1b-b4ce-89f4d9986e62"],"dependents":[],"parameterHints":{"workflowName":{"value":"aa311223-faf5-4330-be15-930431911af0"},"bd05e11a-c6ca-4ee6-9f40-9858dd96c299":{"value":"shared_sharepointonline"},"f2e2712d-4407-4e1b-b4ce-89f4d9986e62":{"value":"shared_office365"}},"parameterHintsV2":{"shared_sharepointonline":{"value":"bd05e11a-c6ca-4ee6-9f40-9858dd96c299"},"shared_office365":{"value":"f2e2712d-4407-4e1b-b4ce-89f4d9986e62"}},"isOnPremiseConnection":false,"bypassConsent":false,"dataSets":{},"apiTier":"Standard","isCustomApiConnection":false,"actions":["Run"]},"bd05e11a-c6ca-4ee6-9f40-9858dd96c299":{"id":"2249a479-f006-4dd0-b3ef-9bbdc17aaeec","displayName":"SharePoint","iconUri":"https://connectoricons-prod.azureedge.net/u/juanq/gateway/greyhound/3000.150.11/1.0.1613.3116/sharepointonline/icon.png","dataSources":[],"dependencies":[],"dependents":["8ff6634c-839b-45a2-8fb7-3985c901d885"],"parameterHints":{},"parameterHintsV2":{},"isOnPremiseConnection":false,"bypassConsent":false,"dataSets":{},"apiTier":"Standard","isCustomApiConnection":false,"actions":["providers/PowerPlatform.Governance/Operations/Read","providers/PowerPlatform.Governance/Operations/Write","providers/PowerPlatform.Governance/Operations/Delete"]},"f2e2712d-4407-4e1b-b4ce-89f4d9986e62":{"id":"d2aa9231-68fa-4608-824e-8840f6ed1e7a","displayName":"Office 365 Outlook","iconUri":"https://connectoricons-prod.azureedge.net/releases/v1.0.1613/1.0.1613.3125/office365/icon.png","dataSources":[],"dependencies":[],"dependents":["8ff6634c-839b-45a2-8fb7-3985c901d885"],"parameterHints":{},"parameterHintsV2":{},"isOnPremiseConnection":false,"bypassConsent":false,"dataSets":{},"apiTier":"Standard","isCustomApiConnection":false},"b0105553-8f24-43e0-b84f-a19e53d15bc2":{"id":"5a374874-1670-4894-b64d-a82fc961c26e","displayName":"Office 365 Users","iconUri":"https://connectoricons-prod.azureedge.net/releases/v1.0.1611/1.0.1611.3104/office365users/icon.png","dataSources":["Office365Users"],"dependencies":[],"dependents":[],"parameterHints":{},"parameterHintsV2":{},"isOnPremiseConnection":false,"bypassConsent":false,"dataSets":{},"apiTier":"Standard","isCustomApiConnection":false,"actions":["MyProfile"]},"04cc230f-60b3-422b-bcf5-32b18b13ba4f":{"id":"2249a479-f006-4dd0-b3ef-9bbdc17aaeec","displayName":"SharePoint","iconUri":"https://connectoricons-prod.azureedge.net/u/juanq/gateway/greyhound/3000.150.11/1.0.1613.3116/sharepointonline/icon.png","dataSources":["Help Desk_A"],"dependencies":[],"dependents":[],"parameterHints":{},"parameterHintsV2":{},"isOnPremiseConnection":false,"bypassConsent":false,"dataSets":{"https://atilim.sharepoint.com/sites/SPFXTesting":{"dataSources":{"Help Desk_A":{"tableName":"ffe8c119-2482-4349-8703-b5a1a7228342"}}}},"apiTier":"Standard","isCustomApiConnection":false,"actions":["providers/PowerPlatform.Governance/Operations/Read","providers/PowerPlatform.Governance/Operations/Write","providers/PowerPlatform.Governance/Operations/Delete"]}},"databaseReferences":{},"almMode":"Environment","performanceOptimizationEnabled":true,"canConsumeAppPass":true,"enableModernRuntimeMode":false,"executionRestrictions":{"isTeamsOnly":false,"dataLossPreventionEvaluationResult":{"status":"Compliant","lastEvaluationDate":"2022-12-27T20:40:29.0286738Z","violations":[],"violationsByPolicy":[],"violationErrorMessage":"The app uses the following connectors: shared_logicflows, shared_sharepointonline, shared_office365, shared_office365users."},"httpActionRestriction":{"appUsesSharepointHttpAction":false,"enforcementStrategy":"Legacy","evaluationTime":"2022-12-27T20:40:29.0286139Z"}}},"appType":"ClassicCanvasApp","appComponents":[]}}