{"name":"9ed8d9f2-5223-425d-855b-31628aea1047","id":"/providers/Microsoft.Flow/flows/9ed8d9f2-5223-425d-855b-31628aea1047","type":"Microsoft.Flow/flows","properties":{"apiId":"/providers/Microsoft.PowerApps/apis/shared_logicflows","displayName":"HelpDeskFlow","definition":{"metadata":{"workflowEntityId":null,"processAdvisorMetadata":null,"flowclientsuspensionreason":"None","flowclientsuspensiontime":null,"flowclientsuspensionreasondetails":null,"creator":{"id":"2eec0c80-9494-4f5c-b07e-2ad7214657a3","type":"User","tenantId":"d07102ee-510d-4151-abf2-d14d0729ada3"},"provisioningMethod":"FromDefinition","failureAlertSubscription":true,"clientLastModifiedTime":"2022-12-28T19:09:41.9004561Z"},"$schema":"https://schema.management.azure.com/providers/Microsoft.Logic/schemas/2016-06-01/workflowdefinition.json#","contentVersion":"1.0.0.0","parameters":{"$connections":{"defaultValue":{},"type":"Object"},"$authentication":{"defaultValue":{},"type":"SecureObject"}},"triggers":{"manual":{"metadata":{"operationMetadataId":"dd36effe-f9f4-4757-9e39-fa2a618fb3e5"},"type":"Request","kind":"PowerApp","inputs":{"schema":{"type":"object","properties":{"Getitems_FilterQuery":{"type":"string","description":"An ODATA filter query to restrict the entries returned (e.g. stringColumn eq 'string' OR numberColumn lt 123).. This parameter is used as part of \"A0808BFA-3A8D-4246-A2A4-4B9A95572704\"","x-ms-powerflows-param-ispartial":true},"Getitems_SiteAddress":{"type":"string","description":"Example: https://contoso.sharepoint.com/sites/sitename","x-ms-powerflows-param-ispartial":false}},"required":["Getitems_FilterQuery","Getitems_SiteAddress"]}}}},"actions":{"Get_items":{"runAfter":{},"metadata":{"flowSystemMetadata":{"swaggerOperationId":"GetItems"},"operationMetadataId":"b1f9aae3-3529-4fe7-88f5-0338acf49840"},"type":"ApiConnection","inputs":{"host":{"connection":{"name":"@json(decodeBase64(triggerOutputs().headers['X-MS-APIM-Tokens']))['$connections']['shared_sharepointonline_2']['connectionId']"},"api":{"runtimeUrl":"https://flow-apim-europe-002-northeurope-01.azure-apim.net/apim/sharepointonline"}},"method":"get","path":"/datasets/@{encodeURIComponent(encodeURIComponent(triggerBody()['Getitems_SiteAddress']))}/tables/@{encodeURIComponent(encodeURIComponent('ffe8c119-2482-4349-8703-b5a1a7228342'))}/items","queries":{"$filter":"ID eq @{triggerBody()['Getitems_FilterQuery']}"},"authentication":{"type":"Raw","value":"@json(decodeBase64(triggerOutputs().headers['X-MS-APIM-Tokens']))['$ConnectionKey']"}}},"Apply_to_each":{"foreach":"@body('Get_items')?['value']","actions":{"Switch":{"runAfter":{},"cases":{"Case_NOT_STARTED":{"case":"NOT STARTED","actions":{"Case_not_started_notification":{"runAfter":{},"metadata":{"flowSystemMetadata":{"swaggerOperationId":"SendEmail"}},"type":"ApiConnection","inputs":{"host":{"connection":{"name":"@json(decodeBase64(triggerOutputs().headers['X-MS-APIM-Tokens']))['$connections']['shared_office365']['connectionId']"},"api":{"runtimeUrl":"https://flow-apim-europe-002-northeurope-01.azure-apim.net/apim/office365"}},"method":"post","body":{"To":"tugcu.yagmurbetul@student.atilim.edu.tr","Subject":"There's a ticket for you: @{items('Apply_to_each')?['Title']}  Please look for it.","Body":"There's a <a href='@{items('Apply_to_each')?['{Link}']}'>ticket </a>for you.\n<br/>\n<br/>\n@{if(equals(items('Apply_to_each')?['Priority']?['Value'], 'HIGH'),'This is a high priority item, help desk personnel must begin working on this ticket in 4 hours or less to meet the SLA.','')} @{if(equals(items('Apply_to_each')?['Priority']?['Value'], 'MEDIUM'),'This is a medium priority item, help desk personnel must begin working on this ticket in 8 hours or less to meet the SLA.','')}@{if(equals(items('Apply_to_each')?['Priority']?['Value'], 'LOW'),'This is a low priority item, help desk personnel must begin working on this ticket in 24 hours or less to meet the SLA.','')}","IsHtml":true},"path":"/Mail","authentication":{"type":"Raw","value":"@json(decodeBase64(triggerOutputs().headers['X-MS-APIM-Tokens']))['$ConnectionKey']"}}}}},"Case_in_progress":{"case":"IN PROGRESS","actions":{"Case_in_progress_notification":{"runAfter":{},"metadata":{"flowSystemMetadata":{"swaggerOperationId":"SendEmail"}},"type":"ApiConnection","inputs":{"host":{"connection":{"name":"@json(decodeBase64(triggerOutputs().headers['X-MS-APIM-Tokens']))['$connections']['shared_office365']['connectionId']"},"api":{"runtimeUrl":"https://flow-apim-europe-002-northeurope-01.azure-apim.net/apim/office365"}},"method":"post","body":{"To":"@{items('Apply_to_each')?['Author']?['Email']};","Subject":"Your ticket is being worked on","Body":"Your <a href='@{items('Apply_to_each')?['{Link}']}'>ticket</a> is being worked on.  ","IsHtml":true},"path":"/Mail","authentication":{"type":"Raw","value":"@json(decodeBase64(triggerOutputs().headers['X-MS-APIM-Tokens']))['$ConnectionKey']"}}}}},"Case_waiting_on_CSR":{"case":"WAITING ON CSR","actions":{"\"Waiting_on_CSR\"_notification":{"runAfter":{},"metadata":{"flowSystemMetadata":{"swaggerOperationId":"SendEmail"}},"type":"ApiConnection","inputs":{"host":{"connection":{"name":"@json(decodeBase64(triggerOutputs().headers['X-MS-APIM-Tokens']))['$connections']['shared_office365']['connectionId']"},"api":{"runtimeUrl":"https://flow-apim-europe-002-northeurope-01.azure-apim.net/apim/office365"}},"method":"post","body":{"To":"@{items('Apply_to_each')?['Author']?['Email']};","Subject":"Asking for more information.","Body":"Your <a href='@{items('Apply_to_each')?['{Link}']}'>ticket </a>needs more information. ","IsHtml":true},"path":"/Mail","authentication":{"type":"Raw","value":"@json(decodeBase64(triggerOutputs().headers['X-MS-APIM-Tokens']))['$ConnectionKey']"}}}}},"Case_completed":{"case":"COMPLETED","actions":{"Case_completed_notification":{"runAfter":{},"metadata":{"flowSystemMetadata":{"swaggerOperationId":"SendEmail"}},"type":"ApiConnection","inputs":{"host":{"connection":{"name":"@json(decodeBase64(triggerOutputs().headers['X-MS-APIM-Tokens']))['$connections']['shared_office365']['connectionId']"},"api":{"runtimeUrl":"https://flow-apim-europe-002-northeurope-01.azure-apim.net/apim/office365"}},"method":"post","body":{"To":"@{items('Apply_to_each')?['Author']?['Email']};","Subject":"Your ticket is completed.","Body":"Your <a href='@{items('Apply_to_each')?['{Link}']}'>ticket</a> is completed. ","IsHtml":true},"path":"/Mail","authentication":{"type":"Raw","value":"@json(decodeBase64(triggerOutputs().headers['X-MS-APIM-Tokens']))['$ConnectionKey']"}}}}}},"default":{"actions":{}},"expression":"@items('Apply_to_each')?['TaskStatus']?['Value']","metadata":{"operationMetadataId":"ce8091e5-eaed-4ae2-bc03-923957691372"},"type":"Switch"}},"runAfter":{"Get_items":["Succeeded"]},"metadata":{"operationMetadataId":"b634792a-a019-4e7c-847c-c794a24cc0f7"},"type":"Foreach"}},"outputs":{},"description":"Create one or more actions to happen when a button or link in PowerApps is selected. To use this flow from a PowerApp, select the control you want to trigger the flow and go to the Action tab in the PowerApps ribbon and select Flows."},"connectionReferences":{"shared_sharepointonline_2":{"connectionName":"d810de24df1d41eba8ae1945bc6ee320","source":"Invoker","id":"/providers/Microsoft.PowerApps/apis/shared_sharepointonline","tier":"NotSpecified"},"shared_office365":{"connectionName":"shared-office365-e4459ed2-3637-4940-b735-e7c2b3b961ff","source":"Invoker","id":"/providers/Microsoft.PowerApps/apis/shared_office365","tier":"NotSpecified"}},"flowFailureAlertSubscribed":false,"isManaged":false}}